Workbook

Sheet 주문 업로드
A1: client_order_key | B1: received_date | C1: name | D1: contact | E1: address | F1: detail_address | G1: note | H1: capacity | I1: capacity1 | J1: capacity2 | K1: consignor_contact | L1: consignor_name | M1: salesman_contact | N1: salesman_name | O1: product_name | P1: product_code | Q1: product_quantity | R1: service_type | S1: milk_run_id | T1: priority | U1: service_duration | V1: service_vehicle | W1: requirement | X1: desired_date | Y1: desired_after_time | Z1: desired_before_time | AA1: customer_field_1 | AB1: customer_field_2 | AC1: customer_field_3 | AD1: customer_field_4 | AE1: customer_field_5
A2: 업체 주문 번호 | B2: 주문 접수일 | C2: 고객명 | D2: 고객 연락처 | E2: 주소 | F2: 상세주소 | G2: 고객 전달사항 | H2: 합산 용적량1 | I2: 합산 용적량2 | J2: 합산 용적량3 | K2: 화주사 연락처 | L2: 화주사명 | M2: 중개사 연락처 | N2: 중개사명 | O2: 아이템명 | P2: 아이템 코드 | Q2: 아이템 수량 | R2: 주문 유형 | S2: 밀크런 | T2: 배차 우선순위 | U2: 예상 작업 시간(분) | V2: 담당 차량 지정 | W2: 특수 조건 | X2: 작업 희망일 | Y2: 희망 시간(이후) | Z2: 희망 시간(이전) | AA2: 비고1 | AB2: 비고2 | AC2: 비고3 | AD2: 비고4 | AE2: 비고5
A3: 선택 | B3: 필수 | C3: 필수 | D3: 선택 | E3: 필수 | F3: 선택 | G3: 선택 | H3: 필수 | I3: 선택 | J3: 선택 | K3: 선택 | L3: 선택 | M3: 선택 | N3: 선택 | O3: 선택 | P3: 선택 | Q3: 선택 | R3: 선택 | S3: 선택 | T3: 선택 | U3: 선택 | V3: 선택 | X3: 선택 | Y3: 선택 | Z3: 선택 | AA3: 선택 | AB3: 선택 | AC3: 선택 | AD3: 선택 | AE3: 선택
A4: 귀사에서 사용 중인 고유 주문번호를 입력해주세요. - 한 배송 단위(예시) 한 박스)에 들어가는 상품을 묶음배송처리할 수 있습니다. - 업체 주문 번호, 주문 접수일, 고객명, 고객 연락처, 주소, 상세 주소가 동일하다면 하나의 주문으로 인식합니다. | B4: 주문이 귀사에 접수된 날짜를 양식에 맞게 입력해주세요. - 미래의 날짜는 입력할 수 없습니다. 예시) YYYY-MM-DD 주문접수일 셀이 비어있으면 오늘 날짜로 등록됩니다 | C4: 고객님의 성함 또는 상호를 입력해주세요. | D4: 고객님의 연락처를 입력해주세요. 예시) 021234567, 010-0000-0000 | E4: 도로명 주소와 건물번호를 입력해주세요. 루티는 주소정보누리집(www.juso.go.kr) 양식을 따릅니다. | F4: 상세 주소를 입력해 주세요. | G4: 고객전달사항을 입력해 주세요. | H4: 하나의 주문에 대한 총 용적량을 정수 형태로 기재해주세요. - 합산 용적량1, 합산 용적량2, 합산 용적량3 셀이 비어있으면 기본값으로 합산 용적량1 : 1 합산 용적량2 : 0 합산 용적량3: 0 의 값을 인식합니다. | K4: 화주사 연락처를 입력해 주세요. 예시) 021234567, 010-0000-0000 | L4: 화주사명을 입력해 주세요. - 배송 처리를 의뢰한 제품의 소유자, 또는 서비스 제공 의뢰자를 입력해 주세요. | M4: 중개사 연락처를 입력해 주세요. 예시) 021234567, 010-0000-0000 | N4: 중개사명을 입력해 주세요. - 주문을 담당하는 영업사원, 대리인, 주문 담당자 등의 정보를 입력해 주세요. | O4: 상품명을 입력해주세요. | P4: 귀사에서 사용 중인 상품코드를 입력해 주세요. | Q4: 상품의 수량을 입력해 주세요. 상품수량 셀이 비어있으면 기본값으로 1을 인식합니다. | R4: 배송/수거 주문을 구분하여 입력해 주세요. 작업 유형 셀이 비어있으면 배송주문으로 인식합니다. | S4: 수거한 상품을 특정 주소에 배송할 때 사용합니다. 영어 및 숫자로 작성된 값을 각 주문에 동일하게 입력하시면 수거-배송 형태의 밀크런 방식이 동작합니다. | T4: 우선 배차되어야 하는 주문을 '높음', '보통', '낮음'으로 우선순위를 지정하여 입력해주세요. '높음'이 '보통'보다, '보통'이 '낮음'보다 높은 확률로 배차됩니다. 예시) 최대 용적량이 10인 차량에 배차하고자 할 시, 우선순위가 '높음'이면서 합산 용적량이 10인 주문 1개와 우선순위가 '낮음'이면서 합산 용적량이 1인 주문 10개가 있다면 배차 우선순위가 '높음'이면서 용적량이 10인 1개 주문을 우선 배차 배차 우선순위 셀이 비어있으면 '보통'으로 인식합니다. | U4: 도착 후 작업 예상 시간을 정수 형태로 입력해주세요. 작업소요시간 셀이 비어있으면 기본값으로 1을 인식합니다. | V4: 주문을 담당할 차량을 지정할 수 있습니다. [설정 > 차량 관리]에 등록된 차량을 입력해주세요. 루티에 등록되지 않은 차량을 입력하면 오류가 발생합니다. | W4: 주문이 특수한 조건을 가진 차량에 의해 처리되어야 할 때 특수 조건을 지정할 수 있습니다. [설정 > 특수 조건 관리]에 등록된 특수 조건 이름을 입력해주세요. 해당 조건을 부여받은 차량에게 주문이 배차됩니다. 조건이 여러 개인 경우에는 쉼표로 구분하여 나열해주세요. 루티에 등록되지 않은 특수 조건 이름을 입력하면 오류가 발생합니다. | X4: 날짜를 양식에 맞게 입력해주세요. 과거의 날짜는 입력할 수 없습니다. 예시) YYYY-MM-DD | Y4: 도착을 희망하는 시간 범위의 시작 시간을 입력해주세요. 입력 가능한 시간의 범위는 00:00~36:00입니다. 희망시간(이전)보다 희망시간(이후)가 앞설 수 없습니다. 예시) 도착 희망 시간이 "14:00"~"15:30" 사이인 경우 "14:00" 입력 | Z4: 도착을 희망하는 시간 범위의 끝 시간을 입력해주세요. 입력 가능한 시간의 범위는 00:00~36:00입니다. 희망시간(이후)보다 희망시간(이전)이 늦을 수 없습니다. 예시) 도착 희망 시간이 "14:00"~"15:30" 사이인 경우 "15:30" 입력 | AA4: 주문에 대한 메모를 자유롭게 입력해 주세요. | AB4: 주문에 대한 메모를 자유롭게 입력해 주세요. | AC4: 주문에 대한 메모를 자유롭게 입력해 주세요. | AD4: 주문에 대한 메모를 자유롭게 입력해 주세요. | AE4: 주문에 대한 메모를 자유롭게 입력해 주세요.
A5: 예시) roouty_00002 | B5: 2022-11-28 | C5: 강루티 | D5: 010-1234-5678 | E5: 서울 마포구 백범로31길 21 | F5: 101동 615호 | G5: 도착하면 전화주세요. | H5: 1 | I5: 1 | J5: 1 | K5: 010-1234-5678 | L5: (주)화주사 | M5: 010-1234-5678 | N5: (주)중개사 | O5: 산지직송 벌꿀 | P5: F1102 | Q5: 1 | R5: 배송 | S5: ex) milkrun7, PnD | T5: 높음 | U5: 1 | V5: 1호차, 12가1234, 5톤윙바디 | W5: 냉장,1.4톤 | X5: 2023-01-01 | Y5: 15:30 | Z5: 18:00 | AA5: 현관 비밀번호 *1234 | AB5: 배송코드 1004

Sheet 배차관리 - 경로 다운로드 양식
A1: 미사용!!!!!!!_220831
A4: 주문 상태 | B4: 배송완료일 | C4: 드라이버 | D4: 주행예정일 | E4: 주행순서 | F4: 도착예정시간 | G4: 이동시간 | H4: 주문 ID | I4: 주문 접수일 | J4: 수화인 명 | K4: 주소 | L4: 상세 주소 | M4: 상품명 | N4: 상품코드 | O4: 수량 | P4: 용량 | Q4: 연락처 | R4: 수화인 전달사항 | S4: 작업희망일 | T4: 특정 차량 지정 | U4: 작업소요시간 (분) | V4: 희망시간 (이후) | W4: 희망시간 (이전) | X4: 비고 1 | Y4: 비고 2 | Z4: 비고3 | AA4: 비고4 | AB4: 비고5
A5: 배차완료 | C5: 나쿠팡 | D5: 22.07.01 | E5: 1 | F5: 0.41666667 | G5: 30분 | I5: 22.06.20 | J5: 홍길동 | K5: 서울 영등포구 위밋로 12 | L5: 19층 1호 | M5: 비닐 | N5: CPG-14 | O5: 10 | P5: 1 | Q5: 01012345678 | R5: 아이가 있으니 미리 연락주세요 | W5: 0.45833333
A6: 배차완료 | C6: 나쿠팡 | D6: 22.07.01 | E6: 2 | F6: 0.48611111 | G6: 40분 | I6: 22.06.20 | J6: 동원수 | K6: 서울 서초구 삼성사옥 | M6: CPG-14 | N6: CPG-14 | O6: 200 | P6: 1 | Q6: 01012345679 | S6: 22.07.01
A7: 배차완료 | C7: 나쿠팡 | D7: 22.07.01 | E7: 3 | F7: 0.5625 | G7: 20분 | I7: 22.06.20 | J7: 카밀라 | K7: 서울 영등포구 위밋로 13 | L7: 19층 1호 | M7: CO-20 | N7: CPG-14 | O7: 700 | P7: 1 | S7: 22.07.01 | T7: 51가4885
A8: 배차완료 | C8: 나쿠팡 | D8: 22.07.01 | E8: 4 | F8: 0.625 | G8: 1시간 | I8: 22.06.20 | J8: 김오월 | K8: 서울 서초구 삼성사옥 | L8: 302호 | M8: 비닐 | N8: CPG-14 | O8: 10 | P8: 1 | T8: 51가4885 | V8: 0.625 | W8: 0.79166667
A9: 배차완료 | C9: 나쿠팡 | D9: 22.07.01 | E9: 1 | F9: 0.41666667 | G9: 1시간 | I9: 22.06.20 | J9: 관지염 | K9: 경기도 광명시 로또1등아파트 | L9: 1동 105호 | M9: CPG-14 | N9: CPG-14 | O9: 200 | P9: 1 | Q9: 01012345680 | R9: 공동현관 *1234* | T9: 51가4885 | V9: 0.45833333 | W9: 0.54166667
A10: 배차완료 | C10: 나쿠팡 | D10: 22.07.01 | E10: 2 | F10: 0.47222222 | G10: 15분 | I10: 22.06.20 | J10: 광명김 | K10: 서울 주소주소 아파트 | M10: CO-20 | N10: CPG-14 | O10: 700 | P10: 11 | Q10: 01012345681 | V10: 0.41666667 | W10: 0.45833333
A11: 배차완료 | C11: 나쿠팡 | D11: 22.07.01 | E11: 3 | F11: 0.57638889 | G11: 1시간 5분 | I11: 22.06.20 | J11: 최화랑 | K11: 서울 마포구 중심 | L11: 마포구청 503호 | M11: 비닐 | N11: CPG-14 | O11: 10 | P11: 1 | Q11: 01012345682 | R11: 뒤쪽 엘베 사용 | W11: 0.79166667
A12: 배차완료 | C12: 나쿠팡 | D12: 22.07.01 | E12: 4 | F12: 0.68055556 | G12: 10분 | I12: 22.06.20 | J12: 홍길동 | K12: 서울 주소주소 아파트 | M12: CPG-14 | N12: CO-20 | O12: 200 | P12: 1 | Q12: 01012345678 | V12: 0.45833333 | W12: 1.125
A13: 배차대기 | I13: 22.06.30 | J13: 동원수 | K13: 서울특별시 종로구 B동 우정국로 26 센트로폴리스 26층 | M13: CO-20 | N13: CO-20 | O13: 10 | P13: 1 | Q13: 01012345678 | S13: 22.07.10 | W13: 1.4583333
A14: 배차대기 | I14: 22.06.30 | J14: 카밀라 | K14: 경기도 화성시 석우동 602-3 | M14: 비닐 | N14: CO-20 | O14: 200 | P14: 1 | Q14: 01012345678 | V14: 0.5 | W14: 1.7916667
A15: 배차대기 | I15: 22.06.30 | J15: 김오월 | K15: 서울 종로구 새문안로 58 | M15: CPG-14 | N15: CO-20 | O15: 700 | P15: 1 | Q15: 01012345678 | W15: 2.125
A16: 배송중 | C16: 김로켓 | D16: 22.06.15 | E16: 1 | F16: 0.41666667 | G16: 30분 | I16: 22.06.15 | J16: 관지염 | K16: 서울특별시 종로구 B동 우정국로 26 센트로폴리스 26층 | M16: CO-20 | N16: CO-20 | O16: 10 | P16: 1 | Q16: 01012345678 | S16: 22.06.15
A17: 배송중 | C17: 김로켓 | D17: 22.06.15 | E17: 2 | F17: 0.48611111 | G17: 40분 | I17: 22.06.15 | J17: 광명김 | K17: 경기도 화성시 석우동 602-3 | M17: 비닐 | N17: CO-20 | O17: 200 | P17: 1 | Q17: 01012345678 | T17: 31나1865
A18: 취소 | C18: 김로켓 | D18: 22.06.15 | E18: 3 | F18: 0.5625 | G18: 20분 | I18: 22.06.15 | J18: 최화랑 | K18: 서울 종로구 새문안로 58 | M18: CPG-14 | N18: CO-20 | O18: 700 | P18: 1 | Q18: 01012345678 | T18: 31나1865 | W18: 2.125
A19: 취소 | I19: 22.06.10 | J19: 홍길동 | M19: 비닐 | N19: CPG-15 | O19: 10 | P19: 1 | Q19: 01012345678 | T19: 31나1865
A20: 취소 | I20: 22.06.30 | J20: 동원수 | M20: CPG-15 | N20: CPG-15 | O20: 200 | P20: 1 | Q20: 01012345678
A21: 보류 | C21: 김로켓 | D21: 22.06.15 | E21: 4 | F21: 0.625 | G21: 1시간 | I21: 22.06.10 | J21: 카밀라 | M21: CO-21 | N21: CPG-15 | O21: 268 | P21: 1 | Q21: 01012345678
A22: 보류 | C22: 김로켓 | D22: 22.06.15 | E22: 5 | F22: 0.66666667 | G22: 20분 | I22: 22.06.20 | J22: 김오월 | M22: 비닐 | N22: CPG-15 | O22: 269.67647 | P22: 1 | V22: 0.45833333 | W22: 1.125
A23: 보류 | C23: 나쿠팡 | D23: 22.06.15 | E23: 1 | F23: 0.41666667 | G23: 30분 | I23: 22.06.20 | J23: 관지염 | M23: CPG-15 | N23: CPG-15 | O23: 271.35294 | P23: 1 | W23: 1.4583333
A24: 배송완료 | B24: 22.06.13 | C24: 김로켓 | D24: 22.06.13 | E24: 1 | F24: 0.41666667 | G24: 30분 | I24: 22.06.10 | J24: 광명김 | K24: 서울 종로구 새문안로 58 | M24: CO-21 | N24: CPG-15 | O24: 273.02941 | P24: 1 | S24: 22.06.15 | V24: 0.45833333 | W24: 1.125
A25: 배송완료 | B25: 22.06.13 | C25: 김로켓 | D25: 22.06.13 | E25: 2 | F25: 0.48611111 | G25: 40분 | I25: 22.06.10 | J25: 최화랑 | K25: 서울특별시 종로구 B동 우정국로 26 센트로폴리스 26층 | M25: 비닐 | N25: CPG-15 | O25: 274.70588 | P25: 1 | W25: 1.4583333
A26: 배송완료 | B26: 22.06.13 | C26: 나쿠팡 | D26: 22.06.13 | E26: 1 | F26: 0.41666667 | G26: 30분 | I26: 22.06.10 | J26: 홍길동 | K26: 경기도 화성시 석우동 602-3 | M26: CPG-15 | N26: CPG-15 | O26: 276.38235 | P26: 1 | V26: 0.5 | W26: 1.7916667

Sheet 주문업로드(업로드)
A1: 해당 페이지에 있는 정보는, 단 건 추가 시에도 동일하게 수집되어야 합니다
B2: 루티생성 | C2: 작업 정보 | H2: 수화인 | K2: 작업정보 | N2: 수화물 | R2: 루티생성 | S2: 비고
A3: 어드민 표시 | B3: 주문접수일 | C3: 작업희망일 | D3: 도착희망시간 | F3: 주소 | H3: 고객명 | I3: 연락처 | J3: 전달사항 | K3: ? | L3: 작업소요시간 | M3: 작업 특징 | N3: 상품코드 | O3: 상품명 | P3: 수량 | Q3: ? | S3: 주문번호
A4: 필수 입력 | F4: 필수 | H4: 필수 | I4: 필수 | L4: 필수
A5: 엑셀 | B5: 주문접수 일자 | C5: 작업 희망 일자 | D5: 특정시간 이후 | E5: 특정시간 이전 | F5: 주소 | G5: 상세 주소 | H5: 수화인명 | I5: 수화인 연락처 | J5: 수화인 전달사항 | K5: 시간 고정 여부 | L5: 작업 소요 시간 | M5: Skill ID | N5: 상품코드 | O5: 상품명 | P5: 용적unit수량 (capacity unit) | Q5: 해당주문 패키징 수 (포장단위수량) | R5: 루티 주문번호 | S5: 비고 1 (고객사 주문번호) | T5: 비고2
B6: 자동생성 | M6: 특정행선지는 특정 동일스킬 차량만 만족 | R6: 행선지별로 루티에서 | S6: 트버에서 사용할 경우, 비고 1로 쌓고 중복체크 안 함
R7: 고객사입력X
A8: sample data
A11: 검증용 (수정금지) | B11: =COUNTIF(#REF!,B$5) -> #REF! | C11: =COUNTIF(#REF!,C$5) -> #REF! | D11: =COUNTIF(#REF!,D$5) -> #REF! | E11: =COUNTIF(#REF!,E$5) -> #REF! | F11: =COUNTIF(#REF!,F$5) -> #REF! | G11: =COUNTIF(#REF!,G$5) -> #REF! | H11: =COUNTIF(#REF!,H$5) -> #REF! | I11: =COUNTIF(#REF!,I$5) -> #REF! | ... T11: =COUNTIF(#REF!,T$5) -> #REF!

Sheet 미사용
A1: * 어드민에 표시되는 워딩 중 더 좋은 제안이 있으면 알려주세요!! 일단 지숙님이 임의로 작성..
A2: * _x0008_주문 추가 -> 배차(최적화) -> 할당 전 & 수정 가능 화면입니다 ~
C3: 드라이버는 우선 이렇게 해두었는데.. 결과 표시에 더 좋은 방식이 있다면 의견 주세요!
A4: 어드민 표시 | B4: FALSE | C4: 드라이버 | D4: 주행 순서 | E4: 도착예정시간 | F4: 이동시간 | G4: 주문 일자 | H4: 작업 희망일 | I4: 작업 희망 시간 | K4: 주소 | M4: 수화인명 | N4: 연락처 | O4: 수화인 전달사항 | P4: 작업 시간 | Q4: 작업 특이사항 | R4: 상품코드 | S4: 상품명 | T4: 수량 | U4: 패키징 수 | V4: 비고 1 | W4: 비고 2
A5: 실제 엑셀 입력 칼럼 | G5: 주문 일자 | H5: 작업 희망일 | I5: 이후 | J5: 이전 | K5: 주소 | L5: 상세주소 | M5: 수화인명 | N5: 연락처 | O5: 수화인 전달사항 | P5: 작업 시간 | Q5: 작업 특이사항 (skill ID) | R5: 상품코드 | S5: 상품명 | T5: 수량(unit) | U5: 패키징 수(포장 단위 수량) | V5: 비고 1 | W5: 비고 2
C6: 나기사
A7: 샘플 데이터 | B7: FALSE | C7: 나기사 | D7: 1 | E7: 0.41666667 | F7: 30분 | G7: 22.05.25 | H7: 22.05.29 | J7: 0.45833333 | K7: 서울 영등포구 위밋로 12 | L7: 19층 1호 | M7: 홍길동 | N7: 01012345678 | O7: 아이가 있으니 미리 연락주세요 | P7: 0.020833333 | Q7: 51가1234 | S7: 컵 | T7: 100 | U7: 1 | V7: 엘베O | W7: 고객사주문번호1
B8: FALSE | C8: 나기사 | D8: 2 | E8: 0.48611111 | F8: 40분 | G8: 22.05.25 | H8: 22.05.25 | K8: 서울 서초구 삼성사옥 | M8: 동원수 | N8: 01012345679 | P8: 0.0625 | S8: 컵 | T8: 1000 | U8: 2 | V8: 엘베X | W8: 고객사주문번호2
B9: FALSE | C9: 나기사 | D9: 점심시간 | E9: 0.50694444 | F9: 1시간
B10: FALSE | C10: 나기사 | D10: 3 | E10: 0.5625 | F10: 20분 | G10: 22.05.23 | H10: 22.05.25 | K10: 서울 영등포구 위밋로 13 | L10: 19층 1호 | M10: 카밀라
B11: FALSE | C11: 나기사 | D11: 4 | E11: 0.625 | F11: 1시간 | G11: 22.05.25 | I11: 0.625 | J11: 0.79166667 | K11: 서울 서초구 삼성사옥 | L11: 302호 | M11: 김오월
C13: 박기사
B14: FALSE | C14: 박기사 | D14: 1 | E14: 0.41666667 | F14: 1시간 | G14: 22.05.25 | H14: 22.05.26 | I14: 0.45833333 | J14: 0.54166667 | K14: 경기도 광명시 로또1등아파트 | L14: 1동 105호 | M14: 관지염 | N14: 01012345680 | O14: 공동현관 *1234* | P14: 0.034722222 | S14: 컵 | T14: 100 | U14: 4 | V14: 엘베X | W14: 고객사주문번호3
B15: FALSE | C15: 박기사 | D15: 2 | E15: 0.47222222 | F15: 15분 | G15: 22.05.26 | H15: 22.05.26 | I15: 0.41666667 | J15: 0.45833333 | K15: 서울 주소주소 아파트 | M15: 광명김 | N15: 01012345681 | P15: 0.0034722222 | S15: 컵 | T15: 300 | U15: 3 | V15: 엘베O | W15: 고객사주문번호4
B16: FALSE | C16: 박기사 | D16: 3 | E16: 0.57638889 | F16: 1시간 5분 | G16: 22.05.26 | H16: 22.05.26 | J16: 0.79166667 | K16: 서울 마포구 중심 | L16: 마포구청 503호 | M16: 최화랑 | N16: 01012345682 | O16: 뒤쪽 엘베 사용 | P16: 0.043055556 | Q16: 51가1234 | S16: 컵 | T16: 500 | U16: 1 | V16: 엘베O | W16: 고객사주문번호5
B17: FALSE | C17: 박기사 | D17: 4 | E17: 0.68055556 | F17: 10분 | G17: 22.05.26 | H17: 22.05.26 | I17: 0.45833333 | J17: 1.125 | K17: 서울 주소주소 아파트
B18: FALSE | C18: 박기사 | D18: 5 | E18: 0.78472222 | F18: 20분 | G18: 22.05.26 | H18: 22.05.26 | J18: 1.4583333 | K18: 서울 마포구 중심
B19: FALSE | E19: 0.88888889 | F19: 40분 | G19: 22.05.26 | H19: 22.05.26 | I19: 0.5 | J19: 1.7916667 | K19: 서울 주소주소 아파트
B20: FALSE | E20: 0.99305556 | F20: 1시간 31분 | G20: 22.05.26 | H20: 22.05.26 | J20: 2.125 | K20: 서울 마포구 중심

Sheet 최적화 화면 항목순서
B1: 주행정보 | F1: 수화인 | J1: 작업 정보 | O1: 수화물
B2: 드라이버 | C2: 주행순서 | D2: ETA | E2: 이동시간 | F2: 수화인명 | G2: 행선지 주소 | H2: 수화인 연락처 | I2: 수화인 전달사항 | J2: 작업 희망 일자 | K2: 특정시간 이후 | L2: 특정시간 이전 | M2: 시간 고정 여부 | N2: 작업 소요 시간 | O2: 상품코드 | P2: 상품명 | Q2: 용적unit수량 (capacity unit) | R2: 해당주문 패키징 수 (포장단위수량) | S2: 주문접수 일자 | T2: 루티 주문번호 | U2: 고객사 주문번호 | V2: 비고1
S3: 자동생성 | T3: 행선지별로 부여
T4: 루티부여
T5: 고객사입력X
A8: 검증용 (수정금지) | B8: =COUNTIF('주문업로드(업로드)'!5:5,B$2) -> 0 | C8: =COUNTIF('주문업로드(업로드)'!5:5,C$2) -> 0 | D8: =COUNTIF('주문업로드(업로드)'!5:5,D$2) -> 0 | E8: =COUNTIF('주문업로드(업로드)'!5:5,E$2) -> 0 | F8: =COUNTIF('주문업로드(업로드)'!5:5,F$2) -> 1 | G8: =COUNTIF('주문업로드(업로드)'!5:5,G$2) -> 0 | H8: =COUNTIF('주문업로드(업로드)'!5:5,H$2) -> 1 | I8: =COUNTIF('주문업로드(업로드)'!5:5,I$2) -> 1 | ... V8: =COUNTIF('주문업로드(업로드)'!5:5,V$2) -> 0
